<?xml version="1.0"?>
<data grt_format="2.0">
  <value _ptr_="0x55cce2d486d0" type="list" content-type="object" content-struct-name="db.mgmt.Connection">
    <value type="object" struct-name="db.mgmt.Connection" id="442d8cbf-e6f5-11ec-a80c-3f14d0b2a10c" struct-checksum="0x96ba47d8">
      <link type="object" struct-name="db.mgmt.Driver" key="driver">com.mysql.rdbms.mysql.driver.native</link>
      <value type="string" key="hostIdentifier">Mysql@localhost:3306</value>
      <value type="int" key="isDefault">1</value>
      <value _ptr_="0x55cce2ef4a10" type="dict" key="modules"/>
      <value _ptr_="0x55cce2ef4a90" type="dict" key="parameterValues">
        <value type="string" key="SQL_MODE"></value>
        <value type="string" key="hostName">localhost</value>
        <value type="string" key="password"></value>
        <value type="int" key="port">3306</value>
        <value type="string" key="schema"></value>
        <value type="string" key="sslCA"></value>
        <value type="string" key="sslCert"></value>
        <value type="string" key="sslCipher"></value>
        <value type="string" key="sslKey"></value>
        <value type="int" key="useSSL">1</value>
        <value type="string" key="userName">root</value>
      </value>
      <value type="string" key="name">Local instance 3306</value>
      <link type="object" struct-name="GrtObject" key="owner">dab2ba28-0c78-11ed-9a64-15da018be620</link>
    </value>
    <value type="object" struct-name="db.mgmt.Connection" id="d3f6385f-eacf-11ec-9f18-affdf63b8732" struct-checksum="0x96ba47d8">
      <link type="object" struct-name="db.mgmt.Driver" key="driver">com.mysql.rdbms.mysql.driver.native</link>
      <value type="string" key="hostIdentifier">Mysql@localhost:3306</value>
      <value type="int" key="isDefault">0</value>
      <value _ptr_="0x55cce3004240" type="dict" key="modules"/>
      <value _ptr_="0x55cce30042c0" type="dict" key="parameterValues">
        <value type="string" key="DbSqlEditor:LastDefaultSchema">coba_db</value>
        <value type="string" key="SQL_MODE"></value>
        <value type="string" key="hostName">localhost</value>
        <value type="int" key="lastConnected">1658794875</value>
        <value type="string" key="password"></value>
        <value type="int" key="port">3306</value>
        <value type="string" key="schema"></value>
        <value type="string" key="serverVersion">8.0.29</value>
        <value type="string" key="sslCA"></value>
        <value type="string" key="sslCert"></value>
        <value type="string" key="sslCipher"></value>
        <value type="string" key="sslKey"></value>
        <value type="int" key="useSSL">1</value>
        <value type="string" key="userName">udacoding</value>
      </value>
      <value type="string" key="name">user</value>
      <link type="object" struct-name="GrtObject" key="owner">dab2ba28-0c78-11ed-9a64-15da018be620</link>
    </value>
  </value>
</data>
