<?xml version="1.0"?>
<data grt_format="2.0">
  <value _ptr_="0x55cce2e0c620" type="list" content-type="object" content-struct-name="db.mgmt.ServerInstance">
    <value type="object" struct-name="db.mgmt.ServerInstance" id="442d8cbe-e6f5-11ec-a80c-3f14d0b2a10c" struct-checksum="0x367436e2">
      <link type="object" struct-name="db.mgmt.Connection" key="connection">442d8cbf-e6f5-11ec-a80c-3f14d0b2a10c</link>
      <value _ptr_="0x55cce3077d30" type="dict" key="loginInfo"/>
      <value _ptr_="0x55cce3077db0" type="dict" key="serverInfo">
        <value type="int" key="setupPending">0</value>
        <value type="string" key="sys.config.path"></value>
        <value type="string" key="sys.config.section">mysqld</value>
        <value type="string" key="sys.preset">Custom</value>
        <value type="string" key="sys.sudo"></value>
        <value type="string" key="sys.system">Linux</value>
      </value>
      <value type="string" key="name">Local 3306</value>
    </value>
    <value type="object" struct-name="db.mgmt.ServerInstance" id="f507f708-eacf-11ec-9f18-affdf63b8732" struct-checksum="0x367436e2">
      <link type="object" struct-name="db.mgmt.Connection" key="connection">d3f6385f-eacf-11ec-9f18-affdf63b8732</link>
      <value _ptr_="0x55cce2ffa0e0" type="dict" key="loginInfo">
        <value type="string" key="ssh.hostName"></value>
        <value type="string" key="ssh.key">~/.ssh/ssh_private_key</value>
        <value type="string" key="ssh.localPort">3306</value>
        <value type="int" key="ssh.useKey">0</value>
        <value type="string" key="ssh.userName">mysql</value>
      </value>
      <value _ptr_="0x55cce2ffa160" type="dict" key="serverInfo">
        <value type="string" key="basedir">/usr/</value>
        <value type="string" key="datadir">/var/lib/mysql/</value>
        <value type="string" key="errorLogFilePath">/var/log/mysql/error.log</value>
        <value type="string" key="generalLogFilePath">/var/lib/mysql/udacoding-ThinkPad-T440s.log</value>
        <value type="string" key="serverVersion">8.0.29-0ubuntu0.20.04.3</value>
        <value type="int" key="setupPending">1</value>
        <value type="string" key="slowLogFilePath">/var/lib/mysql/udacoding-ThinkPad-T440s-slow.log</value>
        <value type="int" key="sys.usesudo">0</value>
        <value type="int" key="sys.usesudostatus">0</value>
      </value>
      <value type="string" key="name">user</value>
    </value>
  </value>
</data>
